id,date
140a1aea-77c0-4d2b-9b94-9bb6a239088e,2024-12-09T16:37:07Z
d418e2cb-97da-4c65-83c4-891ffb6698c9,2023-05-04T00:06:28Z
ef40f1cd-f12a-4b2f-a75d-2561cf3ab721,2023-07-08T12:37:14Z
c19c784f-90f1-4f39-bc21-d97ba0fba1b9,2024-09-23T04:41:49Z
f9b8fc48-b660-4c0c-a2ce-1d2db9765c64,2022-07-26T08:22:21Z
b4a5ebd8-4e02-490f-a337-7b7abe087bcb,2021-10-15T13:04:56Z
b619b619-72f1-47f6-b6f9-e45a5a87868e,2023-11-11T00:39:11Z
3f90bc78-4593-44c4-aa8e-e872c74fe5fd,2022-07-14T13:24:51Z
fc08dcc6-1a31-45cd-b7ac-ed7b1bb685c8,2024-12-06T03:32:36Z
8efefde2-1580-4802-b61a-9c5e5117cf52,2020-01-03T23:05:32Z
d97d1b75-cfa5-4d4e-a411-e3a111dee883,2021-10-27T00:14:45Z
19347a04-99e2-48fd-963d-2b4d06938412,2023-02-17T14:22:14Z
953af903-4fb7-4d2d-a92d-f0fb134c9166,2020-12-31T23:26:08Z
c5b20393-c8ca-4b5f-83e4-3d099e980412,2023-01-21T03:57:48Z
b8956866-ec78-4a69-be7c-e77e51c294d7,2024-10-11T07:08:28Z
2e32b9f3-d4e6-4bd9-b54f-3444926af222,2023-12-23T04:38:30Z
d860b0a0-87ca-4f7e-8b4e-c57199db32cf,2022-02-11T12:26:07Z
fe0fe1cc-58fc-4453-b03d-f3e01da7a0d4,2022-11-06T03:01:06Z
791604cb-884b-4574-bd08-17fa8872e100,2021-01-21T12:28:20Z
3e5309ba-87c6-448d-8cd0-c6c4498142d8,2023-02-23T01:08:13Z
3dd82d6d-a3c8-46de-a80d-22ed4e0b4ccd,2024-03-30T10:16:26Z
df111888-4ac6-4e4c-bdbe-e6a0ee65db4f,2022-03-10T23:08:21Z
699f8aa0-92a5-4b70-b9de-05c99d1099f9,2020-05-23T07:52:53Z
810ecfa5-6e12-44cd-8dd4-cb830483775c,2020-04-05T03:13:48Z
2c1a21cf-4e87-4c48-ba69-610eaf8ab854,2024-04-04T11:14:45Z
6c7821eb-16c1-493e-8f37-cc7fd659972e,2024-05-09T05:33:00Z
43a7c1d5-cfca-41d9-9cd5-a6ff382d616a,2020-09-16T19:55:48Z
7237105c-d76f-4bc1-821c-75a78954f914,2023-08-29T09:53:30Z
965666c2-7dc8-4df1-b9c8-eb17916c0664,2020-10-01T20:17:48Z
00786665-8a0e-462e-ac70-eaee15bcffd5,2020-08-07T05:57:37Z
0672e5b9-47ff-411f-ad10-7d4d582ba929,2024-06-27T03:11:03Z
47fb46c4-9621-4c18-86d0-7bc65cf8041b,2024-05-19T05:51:47Z
f1ca7882-78ef-4767-855d-38797b84ed47,2024-09-23T01:20:46Z
1582a468-1e44-4d14-b28f-fd550a7312bf,2024-04-16T20:25:24Z
908dacbe-251b-4192-a49f-07409985b6a5,2023-09-19T02:28:58Z
83fed46e-31f4-46f5-99de-c7db0c17c5e1,2021-10-13T23:33:09Z
b5467914-debe-4dde-a47f-32ce78f4bfd9,2022-05-30T01:24:56Z
1e9d4bf7-59f4-45c5-accf-549b4bb68e6d,2022-08-28T19:59:04Z
518e92ce-0b91-452b-ae25-05e4f0e039c3,2020-10-14T13:59:28Z
c154ddd5-188c-408c-8f04-0cdc99ef4f07,2022-04-09T04:12:16Z
83efd696-25cc-4d4f-8bb2-db02722221b8,2024-03-05T12:38:50Z
2d7bc5c3-446e-46a3-bd45-a9f946ee3cba,2021-07-11T01:48:29Z
ada7e0a6-d3ce-4233-8385-481d99bb35f5,2022-04-22T01:35:41Z
22a1f246-231a-44b0-b4b7-951b6ff7fb43,2021-07-15T06:58:51Z
8e9b488a-eda2-4a5c-aa5b-6dc9834090a5,2024-09-17T19:35:51Z
c1afe6d3-a13f-4780-b885-f34b3dca47df,2020-01-12T05:17:03Z
a40f5b6a-a6b0-4668-98c4-7314a51d27da,2022-03-23T08:04:38Z
15d334b5-b79a-4996-a4cc-fa056edc334c,2024-09-13T06:51:19Z
99fb1794-168a-4671-b448-9bdf749780f7,2020-03-31T01:47:49Z
8c8323a1-e8f5-4223-a238-6c62739e4727,2023-10-04T20:36:07Z
6a9a8647-bb2c-4428-89f1-2f67fa279f92,2020-03-08T09:11:16Z
f57f41af-ddc5-4456-8fca-59b49c563a09,2023-11-30T07:56:44Z
f3b8685d-b83b-4ed2-85f0-32e98ce58bff,2023-08-07T10:55:07Z
98e7feef-21ad-48ec-a259-2a4b1d61fced,2020-08-05T17:12:45Z
f5ab3343-0052-430f-8593-d804f5e55e25,2022-07-25T01:56:53Z
b105f51c-fbdd-4d67-91cc-7adfa17c278e,2024-03-06T05:04:27Z
f136efad-d20e-4ef6-bf13-12fe4ac0b772,2021-08-13T07:21:42Z
5449124e-caab-4b59-911b-9d689cbf38bc,2024-03-10T15:30:35Z
408e841b-7062-43de-8e69-5e314022db0b,2024-06-29T18:24:33Z
e3a99695-4b0b-4891-b54e-64dbe9f3f8ca,2023-04-05T16:34:36Z
e266c9c9-d12e-43b5-bcd8-6c759eaf0a38,2023-08-12T05:34:38Z
e25f3144-44f1-4f7f-b829-1c16e596e9b0,2024-02-12T16:44:25Z
93d69871-3592-4200-9cef-08fcf6c78e28,2022-08-09T23:21:34Z
5b213b31-4e21-4918-9691-b25f222ae3e5,2020-08-01T16:05:47Z
61a9bd43-9054-4dc1-87f8-e279fa4d5bee,2022-06-13T19:11:59Z
8ce2469d-f1ce-49b0-be6c-2a3a1610e61a,2020-03-25T22:20:17Z
ba995a7d-f2e0-4ec3-bd87-43108d2ec6ab,2024-10-12T02:38:20Z
041e0b0e-6451-4aa3-a12f-d4b2cc2109ef,2023-12-14T15:59:50Z
9fc5bb90-fdc2-41af-8118-70449a716922,2023-11-16T07:57:32Z
1601a1d3-91ff-4838-9b70-9e15355c4f61,2022-09-27T18:15:54Z
1300d7fa-e864-4ada-8c17-dfb1e05a48af,2020-07-30T15:45:40Z
f5104e84-0a07-4923-b92f-dfdad291314b,2020-02-25T18:50:29Z
eb59f79e-e7e4-481a-a017-063d75c2a552,2024-07-05T21:49:44Z
fe64186f-b3c7-4dc7-b332-1cc9e5505218,2024-01-11T16:04:33Z
d968b013-2b89-4c53-8799-9b2fa063f3fd,2023-05-20T04:34:01Z
a717c54b-af1b-4ebe-8043-8b9bcbd2c6a8,2020-09-06T18:54:56Z
6d3f6cab-e316-4401-81c7-e01253ced777,2023-09-12T21:36:25Z
82d2e0f8-2db2-41d5-8220-e96357f43e63,2024-11-29T02:56:12Z
8d4f062e-827e-44d8-a058-17dc2dc1f377,2020-01-23T07:05:44Z
f106da59-d446-42d2-bd4d-2f500ecbbb89,2024-11-10T12:07:50Z
ba198d56-7aa5-4ec5-96f8-17421131b21c,2023-09-09T06:41:01Z
b8f1ad02-97c8-44e1-a270-259f981f006e,2023-11-14T23:14:08Z
e9f7998e-badf-48e5-ae81-b1f718a5470d,2021-01-03T02:22:12Z
e4b774b3-df5b-4f7b-9b5a-514d9f010ae7,2020-09-25T08:44:42Z
1fd249b1-b58f-4742-a85c-9b778b4599c1,2020-02-04T17:51:24Z
82e1e247-bcf5-4910-a031-88b6e69e07f1,2023-02-07T21:25:02Z
4b9b04e8-f4cd-4a68-90c7-0f5d7df883dd,2024-08-21T11:30:22Z
dd559144-f007-459e-902c-52474d78d05b,2022-03-27T23:28:54Z
fa2478a8-c3b2-4692-9207-a36819beed46,2024-05-01T00:53:41Z
7c72f609-b5cb-42fe-a43d-bd7971e1ea2f,2024-01-25T19:23:59Z
5a6504fe-ed46-4afa-b85f-d86d13eb79fd,2023-09-22T17:34:02Z
c68d9200-878d-404a-a0cb-a735418ff093,2022-03-17T03:47:34Z
82f0f7db-f836-4d35-bcfe-3e94d09e8b3b,2020-11-08T10:13:11Z
0d426cd4-7a33-4870-b62a-1cbbbe6591d9,2021-04-14T23:03:42Z
373d640b-d1e5-4ec4-ab8a-6bd37c71e361,2023-07-15T22:59:05Z
39d05533-b432-4e77-a807-1569b4cbd5fc,2022-04-29T19:48:27Z
38dc64b7-7dd7-4880-af3d-d93d03c11ee3,2024-02-13T19:18:30Z
7d1d23b0-62e8-49f1-92e8-094073be4a94,2020-03-31T08:15:34Z
5d4e774c-88e3-4a1c-95b3-7bf2b4cded25,2024-08-12T08:35:00Z
f05a5b37-1f5c-42bf-a6a5-225aa70675ce,2023-11-14T21:42:16Z
46129a8d-5171-4284-8d47-3dce9e2aeb25,2024-02-28T15:21:26Z
4c8b6fa7-6d4f-4fe5-bca6-3e0f6671cfe3,2022-11-01T15:37:15Z
c3f244b6-350f-4a62-a51c-a7247edeec66,2022-12-03T10:43:58Z
eadf6ed8-a878-4ac4-a864-fc6af2a61366,2021-03-27T00:34:57Z
063bb1ca-ce14-4028-8586-95f2ecde39fb,2020-06-26T05:48:53Z
51316e8e-730a-42c4-89d3-e06fc85599a8,2024-11-22T00:54:27Z
f8265a5d-c06f-4957-bde6-fe07e09324f2,2024-01-17T02:53:58Z
f827c719-c00d-45d3-ad52-35f16792a3a9,2023-07-01T01:37:23Z
7063d3a7-65bb-47df-8262-299287a32338,2021-01-10T07:00:51Z
ae41e9f9-2301-40c8-9669-e57dcd350632,2022-09-21T00:19:30Z
07d037e5-dbf3-4f6f-9eb9-50359a13aba3,2021-10-17T23:30:27Z
381c3a97-1764-4a6d-88c2-2021790f8f63,2024-09-14T03:57:45Z
0b2bfd41-331b-450f-adab-c7c9a9a9c68e,2023-04-06T12:23:08Z
11233088-1d0f-4412-8993-b2dc7315dbc6,2023-10-10T19:08:13Z
2a0265f0-a368-4f3b-acbd-4c6c5aa45550,2021-09-11T06:24:01Z
c81a06c9-cc86-44b8-8cd5-ab6d39a1c35e,2020-07-14T15:14:25Z
bc44f0a9-51d9-46ec-87c4-13cd99bd1251,2020-11-21T18:08:05Z
f862d48a-2629-44c2-b041-a187265d0f2f,2023-02-19T02:32:28Z
51499af1-18d2-4847-9331-7c436427e399,2024-12-29T03:38:50Z
b368760f-f6bc-437e-a296-8b47da94abac,2021-02-11T05:30:41Z
ab169135-abbd-4ed4-8553-9a801529c63b,2022-09-26T09:21:53Z
e998fd9d-3354-43d4-9375-9a8e94732de4,2021-09-01T13:05:40Z
ef125772-fdb0-4774-ae94-aace1a772244,2022-02-06T06:28:36Z
6f4a99be-7083-4d42-bd0e-a61bde6d671e,2022-05-04T16:31:19Z
10eb6eb7-5cca-48db-b35e-6fed804557dd,2024-09-26T20:22:05Z
d47ac643-5511-4c2f-814b-184e09f3b42c,2020-03-07T00:35:34Z
25cee9fc-1c0a-4eb1-b60c-592b17864f93,2023-01-18T16:21:10Z
191964a3-c853-46e4-91e9-aa2742efbee2,2023-02-03T11:41:58Z
7aa49c0a-2c8d-4101-9483-9e582c531014,2020-10-17T12:23:27Z
24450f1f-f900-4580-8993-dc312793430f,2024-08-05T22:22:50Z
6943b60f-2296-4701-870a-abafd486a1dc,2020-10-19T17:11:37Z
016b0a83-2a2a-4c1d-85db-0b34ee8fed47,2022-12-31T18:31:44Z
606903fe-d4fa-4639-8000-c211bda65d68,2022-04-25T13:00:11Z
0b66e065-2bd4-42d9-8f74-68e5d160d55d,2024-05-16T09:48:43Z
db60542c-cfd7-4079-9291-21c675ee2965,2021-08-15T05:59:42Z
24c95f3a-81b7-45f3-9733-43071978335f,2022-11-16T22:17:29Z
fa934a5c-6361-4d3a-8199-f6441055742b,2023-11-22T17:54:30Z
f797483d-c69a-4662-968f-7affe36b89af,2020-03-11T08:05:09Z
253a0e15-29d1-410d-83b0-63ee3239f371,2022-10-22T17:50:20Z
268d2e74-a759-4d28-842b-66fabf9118e6,2022-06-30T18:27:48Z
d920d696-aa54-40c5-81a2-20f994c29f38,2020-04-01T22:32:37Z
493d4f08-3a98-4166-b986-e5bc4af04f35,2022-10-30T12:08:14Z
79424bb7-c618-4c6c-b5da-c1bc7076629b,2022-04-12T03:52:06Z
eb46e7f6-bc29-4264-a201-4720d9c5bdd6,2023-07-21T03:09:04Z
194dc900-7ef2-46dc-909d-564faca7cf19,2024-07-18T06:45:22Z
74f552b9-c77b-4d90-a1ce-0f46a94438b6,2024-03-19T20:46:45Z
d36d5fd8-2f71-4820-a9fd-6a33c43a3de2,2021-09-29T01:28:17Z
afa344b4-50f0-4581-9b35-02bcfcef0f56,2020-03-13T20:14:24Z
8e95fe7c-5ceb-469b-bfeb-e32f21ff5d2e,2024-09-17T10:49:39Z
abaef2be-1849-4f5c-8843-dfb8aec8338b,2024-09-07T15:39:52Z
b3d96685-020f-4428-98e1-73f727775000,2022-05-19T11:16:50Z
7898d870-07bf-4f15-8c1b-443872aa2a14,2020-09-07T08:07:21Z
a2ab696a-cf46-49ed-813e-8e1d5706aa6f,2022-09-14T00:26:57Z
e1b830df-22f9-43aa-9da0-cfd738d4d64a,2021-06-25T17:00:03Z
450913b6-4f35-43b1-9902-1bba395936a2,2020-06-23T16:39:19Z
a9b0d88d-0f71-4cb3-bc95-c9091e74b8aa,2023-01-06T06:58:21Z
21a3521a-3664-4a43-9eaf-8fce49d78477,2023-02-14T04:31:52Z
c4096ade-a327-4b04-87d3-65482f2e8c28,2024-11-19T01:37:01Z
5a59e660-50c7-463d-8b60-ffcb5a7738b4,2023-04-09T13:43:05Z
67506dc6-f550-4583-8943-46d504cca2cf,2021-01-05T03:13:55Z
c9af9776-1cb0-4137-bca3-aec7d7ed0cd0,2020-09-17T21:32:42Z
ead3a019-7843-44c2-9139-e2be61ad9057,2024-05-09T19:49:16Z
0839c2d0-4b9f-4f40-bf8d-69ec487298fc,2022-05-23T09:35:47Z
8ede0e69-85ee-4853-aa49-5d60a96f0b3e,2023-12-04T07:32:28Z
23297d46-8895-4b66-a1e8-f6f936fa6285,2023-12-29T00:32:31Z
bd6bb4a7-9d37-4e3f-95fe-2e2599fee59e,2020-03-25T08:44:30Z
8a21ea7b-9b8c-4fe6-ac45-3b8ffcd04ee9,2022-06-05T13:53:48Z
e180a6b8-c2b9-4517-b237-c214929cac38,2024-04-30T18:12:14Z
295c29ec-8689-4568-b95a-b2ff98e47f8c,2020-10-29T04:35:39Z
f373922d-c367-44fa-8811-a22c83ed1434,2020-06-17T02:38:46Z
1903a552-a131-425e-ad8e-47ce34076b29,2020-07-18T04:56:07Z
c647d851-207d-48b5-a18d-5e7aacdff4ee,2021-01-20T19:57:33Z
1dca4f6a-a79f-4baf-9a77-ae85251bb0c9,2023-11-03T02:22:32Z
1d9db08b-13fe-45c7-a30f-b990e82c9a0c,2024-07-12T02:11:55Z
03d9da45-08c0-4714-b183-ac64480d91c6,2024-02-18T20:31:43Z
6d4fc69f-b214-4f3f-b0da-07e2b7660599,2022-05-27T15:15:57Z
b79851ce-1d6b-483b-9481-d25b7b292557,2022-08-07T11:18:18Z
d8966d1c-0230-411f-bf66-dc4d9932638f,2020-08-19T12:45:16Z
bd0a00ca-b534-4dbb-a640-27aee6a87b94,2020-03-09T07:39:58Z
2f373303-fbed-4ad3-ae2b-bd4e4225cbb5,2022-02-24T10:06:01Z
108771f3-e346-4899-96c4-813cf0a591d8,2023-07-15T19:18:34Z
3b642eb5-814c-4406-b924-5a04fef2fa45,2022-11-28T14:55:37Z
3b270717-b8b0-4ba0-b073-9994e957ee4d,2020-11-09T00:40:39Z
797cc135-d98e-4a5c-b47c-ed2cbdf522e4,2021-02-01T13:21:18Z
a9be294d-3248-49e0-a85c-626c8dae025f,2020-10-11T22:47:19Z
b261b1e8-e8e7-4f33-9563-e0bde27d9c5f,2020-12-16T00:38:57Z
09aa189b-1de1-44c6-9323-5f6c114a5492,2022-01-31T10:25:42Z
1d23f029-92a8-4407-a336-1ee6325b0d45,2020-08-27T19:07:01Z
54a260b9-ae48-42e9-875f-076d1d7bf1c3,2024-03-02T04:26:50Z
4238c785-02cb-43f9-ba8b-ad1e50096590,2023-03-09T05:17:32Z
155c56ae-1027-420c-8df5-081979675d8a,2024-03-16T05:46:44Z
3b0361d0-bcb2-4f1c-adb5-9021547cb8fa,2024-11-26T21:35:45Z
434bc0a9-a585-4085-b229-2232ab4ddf3b,2023-07-09T00:44:09Z
27e9fd4e-4d4d-44b1-9cc0-34d441af0658,2023-12-18T18:21:39Z
eb0a9cfd-4385-48e3-b733-c65f3635a7c8,2023-07-26T07:10:06Z
573f4761-0858-430d-816a-9448ad7270f5,2021-12-17T21:04:39Z
173ddd1c-f5eb-4d49-a74b-64cc87868f32,2024-02-01T15:23:34Z
3dbf76d1-9012-4abb-8f6f-2a36c23856cf,2020-10-05T19:53:24Z
d8541225-5034-4de8-bd0a-e9259da8f233,2020-12-25T18:13:56Z
661144ab-3bd0-4da7-8d67-ae45c2322d5d,2020-08-29T21:34:14Z
109122c5-76ec-4a64-8d26-c26760398ef0,2024-11-18T15:49:15Z
d60a8312-c3e3-4e7c-97d9-89a8d926bac5,2021-08-14T20:00:14Z
ec4b1990-41c6-407e-8c5f-c1c700e5a5cd,2022-05-22T04:58:04Z
4af747e6-3802-4520-8684-35f47224f8a7,2020-05-26T06:09:07Z
f45b7cc3-5b4f-4c20-9557-7d8a1b9850a6,2022-12-18T00:55:11Z
625c562f-6f37-4f49-8ab9-a7cd3a4b30f7,2021-02-04T01:09:11Z
82abab3a-b5ae-4c54-9942-7e9eb9256dd7,2021-10-19T10:09:56Z
2def3a48-93a0-49d7-9d55-84c77ca21e15,2021-11-13T12:26:10Z
2278cd19-021a-4021-89bd-ca33177f8fc4,2022-06-04T16:11:23Z
04e03d5f-0de4-4299-ae72-d0064a4a795f,2020-10-26T06:17:59Z
e10eb355-a37b-4056-9422-8e51a7ba1808,2020-11-08T22:29:13Z
c64c9225-3cdb-4aa9-a67a-75328967f5d5,2021-03-30T11:56:10Z
c66b42cc-32ca-46fc-bf2d-9f15507028d3,2021-03-15T17:52:59Z
95d5ed75-b6b3-44e7-bb55-5e11cbf3c5d9,2020-01-10T07:00:11Z
423280f0-1d83-46db-888c-8f14ca904109,2024-05-10T04:36:28Z
7a9c7fc8-f98b-497c-9168-32640036c4ce,2024-04-10T20:41:59Z
1cf4d42a-0c7f-4cdb-8202-2291880f6ae5,2021-02-06T06:20:49Z
3252ba50-caab-4414-b00a-641926eff43c,2024-11-28T06:20:41Z
32c3f38c-1098-435e-b6bb-3a26dd64b523,2024-01-16T19:21:03Z
9883dd14-428c-44f3-82c9-689a6482b69c,2022-10-16T12:55:10Z
0d360a93-0250-42fe-b583-38cfb1118b85,2024-02-09T01:30:11Z
15702f29-0f44-4f48-91e9-0c132476b7f8,2024-12-31T12:22:49Z
77875602-0c4a-411b-b153-56dfc947ce02,2024-04-13T15:22:14Z
20c9d43e-a2f2-4835-a355-ef72ad1ace92,2021-06-24T23:45:36Z
156644bf-2efc-43f6-9c96-c83877499ef2,2020-06-17T10:43:16Z
8c0e1adf-f36b-4246-9630-c1227c64e554,2020-01-18T01:08:39Z
842a688c-dcd8-4bea-a5e9-9b49e4633014,2021-08-31T16:01:45Z
70abecb1-f7d0-48d5-9962-0cb195354e2b,2021-10-13T01:42:38Z
7c3800d3-8aa8-4d8f-baf7-bfed317a3bab,2023-04-01T08:04:15Z
538a26be-05ab-4ab2-a410-1be9179c910d,2020-02-02T04:12:20Z
6c1a88bf-effc-4c5c-afc7-baf903ca1371,2024-02-11T15:53:49Z
a615d030-8695-45b3-9ec8-63bfed7c8dd1,2023-06-26T12:40:15Z
dc72d958-3cca-4f27-95df-f571dc7b19b0,2021-01-11T07:24:16Z
b5a85693-36ed-46e8-aa8c-470795e35935,2024-02-08T09:44:43Z
134e5f8a-00cb-4776-aeb9-efb786eca26c,2023-06-22T08:59:02Z
edf0a4c3-0d26-4f0a-80f3-554ae9f63674,2023-10-21T18:50:37Z
411f2c8e-1ade-406e-8dcc-9c26051d1cfd,2024-11-09T05:48:10Z
e3ec4ce6-2b72-46a3-aa80-c8549d35b23a,2022-04-28T00:24:18Z
0a1bdd6f-9aac-48c5-a769-47544eb77553,2023-08-31T05:38:12Z
f8c9fa77-bc87-480a-bcad-d585c589820a,2024-11-06T19:46:25Z
7289f68f-501a-41d5-b2c6-e0fcf7a8aae7,2022-10-25T09:44:59Z
611418e7-14d5-452e-8baa-2d1d99c96144,2024-01-18T13:58:36Z
f08654c9-d816-40b8-a27c-8b2a6da1ac96,2020-05-23T21:52:06Z
3252b755-2842-4b62-bf40-f4b4374cfb3c,2023-11-22T00:54:59Z
d03ab2fd-bfa9-48b9-9d11-d7872141f8d5,2023-09-06T00:23:17Z
5b511523-545d-42a1-96e7-ee0e5576d5eb,2020-05-10T04:43:14Z
7f7994e1-b515-4594-a37c-9d315ec79f5d,2020-09-27T19:52:27Z
85d78f9a-343d-4914-9125-7493d2810439,2020-07-27T23:37:09Z
efee6f83-d0e6-4444-bd66-c65a0b45ff4f,2020-10-02T02:41:50Z
7a415f45-cb64-4971-b6b7-b15efed02ff4,2022-09-08T14:17:30Z
bffa2138-ff8e-4f38-bb7a-1dbe9ac3d4b0,2020-10-15T01:38:25Z
02d31ead-e3de-4f39-9f70-30e1a110b2ff,2020-12-08T09:30:00Z
a40665d5-5454-45c5-9b6a-6497924d597c,2024-08-21T12:27:53Z
1d51bdbf-3685-44c9-9d56-5776a99494c2,2024-02-22T18:40:13Z
acea3148-a62a-4f0a-ae9e-9aac05b148f3,2021-03-14T02:31:42Z
6fa978bd-8e09-49ab-bf90-275d619c9beb,2022-05-23T08:48:54Z
a4a14ccd-3a1f-4b02-800e-16ec4708ed7f,2023-03-05T02:45:48Z
be3466d6-042c-4fc8-8d54-ed1a078aa62d,2023-01-20T12:46:56Z
1a748adb-f2b8-46a7-b295-da1c9897f572,2021-11-12T13:44:32Z
06b067ce-6188-474b-a5a7-c1cbef3b6508,2020-02-19T23:47:00Z
742e7b89-27f5-464d-a506-29dfc2f59da0,2023-05-12T10:47:19Z
d717ddda-d453-413d-9f4c-df04db8bc15c,2024-01-28T13:13:42Z
fb68e17c-8fd7-4b92-9cd7-35615c60e11e,2020-09-05T01:10:31Z
ccf271ea-e55a-4098-b6c7-c8db9fc47ac3,2020-11-21T16:23:51Z
66f55288-67e7-4640-a906-43c0a601ec8b,2021-08-09T16:07:12Z
c996b37c-7cf6-408c-8cca-bcc153a46716,2024-06-20T23:30:45Z
469a6318-ba94-491f-8104-92edd31b502e,2022-11-11T18:58:27Z
1510ee95-0e72-44d3-be7d-86eddd7079d0,2021-03-16T21:43:31Z
cd2a23ca-c556-4940-8843-c4f37f33c449,2020-09-02T07:43:50Z
74832610-f3b5-497d-962b-99e76bd4471b,2021-10-08T09:52:46Z
2e9092ab-1d39-43bd-af5c-76a4b6e721d8,2022-09-27T12:12:55Z
ef651d06-c0f5-476f-8771-64db64443c45,2021-01-12T09:15:57Z
7ecdafdb-f26d-4f90-b541-b761e1f9bbef,2021-10-06T17:47:51Z
f32df5d2-6ff9-45ec-97d4-52d3d647d9de,2022-06-20T12:06:39Z
b17ec805-cb4b-483b-b7df-a2eaec6ea0e5,2024-03-12T08:15:58Z
350b0947-9c23-49b6-b67e-0f64d37ce6f1,2023-02-26T08:12:54Z
83f97a69-0694-4a88-a52b-0fc48a2e7264,2023-06-21T00:00:46Z
546776c2-8f67-4a1d-9b63-1f8f7df4d7a4,2022-10-15T01:19:01Z
44bf0745-726f-441d-b3bd-f92a99e8ea06,2021-09-24T05:37:24Z
b518a26f-49fe-455c-92e3-9dce221b3f7d,2020-03-15T13:51:47Z
1024120d-742d-4311-b5b4-4c511a5ad89d,2022-08-17T02:55:26Z
5e64acfe-81e4-4d48-a557-c609f876910f,2024-12-08T02:23:13Z
d63686f4-9b50-4eab-81aa-11824e6c76e1,2021-11-17T20:54:26Z
bc22c30b-cef1-4ace-b7e5-38c4f267ac80,2022-03-05T22:42:32Z
eb5fbd7c-fa95-4944-a57a-f47f410616af,2023-10-09T06:09:03Z
11926729-c6e9-4469-b736-4993625e1fe1,2021-05-22T23:21:13Z
5fd325fd-9862-4895-8886-1d2547850da7,2024-06-01T09:25:05Z
e019926f-e7e7-4dc5-9eb5-606b910b7b47,2022-04-04T00:03:30Z
bfb842f4-bd01-4478-8967-03a7a559216c,2024-12-15T00:55:31Z
a7a6f74b-c359-42b0-a14f-4c41d94192b0,2022-05-11T18:18:00Z
cf7b0c5b-90cc-4917-a4ea-e4ee6496a94d,2023-09-29T03:40:34Z
9fc15a4e-93f0-4016-bcac-9963c4abe748,2020-07-04T20:28:19Z
adc32bee-a011-4282-9828-2bca5569ccb0,2020-09-30T14:40:44Z
a90f342b-7aa0-4245-a844-ddf70c657b1d,2024-06-21T03:10:17Z
744f86c3-ff40-41cf-8252-efb86ce6d6ee,2024-09-05T08:52:27Z
1c961df9-5543-4512-ad37-2350cb7ceacf,2023-01-08T04:10:18Z
85f5b360-8f2c-4bc0-9956-2f43a671f21a,2022-04-05T17:49:43Z
32dc4249-93fd-49d3-af4f-6fac351fd720,2021-02-15T20:51:39Z
b799ca13-70f5-4124-85cc-6bd5879045e7,2020-03-05T01:10:50Z
458117c4-9b23-468c-a1cb-7014798ad8c9,2024-06-16T08:31:21Z
83ff8811-b8d0-4319-8e3c-0f1b1bb25798,2022-05-18T10:10:27Z
ee009bbe-827b-4340-9338-659b7e21d1ed,2022-09-21T21:20:51Z
09db1719-ebae-4c21-af1e-5f84bd7f1a17,2023-04-19T07:06:50Z
9ad2f8dd-2c22-48df-911d-4f63b7a9b246,2023-09-07T00:17:27Z
953ccc5d-3bc9-467f-ab50-c0c25a8e431b,2020-01-23T16:04:16Z
fa334fbc-2cc4-4f37-8906-419f0ae37170,2021-08-16T19:20:51Z
588d4a96-1ca0-4935-9a11-0e00aea2d8e2,2024-09-08T12:09:05Z
46d60695-6af5-494d-85e7-d5b8830026e2,2023-08-23T11:33:50Z
fbf49593-7726-451c-ab1d-b584fa3fe3c7,2024-03-22T23:54:27Z
5964babc-286d-4ae6-8e81-88da35945007,2020-09-18T10:57:55Z
8a157e8e-13ea-4ecd-b23b-b25bada4f475,2020-03-18T14:24:27Z
e455228e-e025-4405-9f5d-86e7ce31e4ea,2022-07-23T23:54:32Z
53f1d705-aa72-471e-9c22-43b99a4ab057,2020-03-22T09:21:12Z
cb92ae1d-93b8-48d1-baa9-7392452078e3,2020-01-19T22:57:19Z
20b13f98-640f-4c4a-a4c2-8155a7b57302,2021-12-08T22:56:50Z
799d345b-bb9e-491f-808f-5f2be5731d07,2024-12-30T20:00:59Z
1240030c-6beb-43ea-97ae-0f8c5da5151e,2023-03-24T08:18:31Z
73deee2d-c805-4128-b4ab-aa9c92a58404,2021-04-03T16:20:47Z
e947cd08-605a-478a-a49e-8e9e9187566c,2024-10-29T20:03:12Z
1ee03ffa-88cc-45fe-b4e2-28bcff13b87e,2022-03-26T20:19:28Z
e0ce8a03-085e-4a04-9f7b-94e59093b3bc,2024-12-11T18:24:18Z
23febbbb-a421-4352-928c-215aa856c413,2023-05-12T20:54:35Z
bb3c5a33-bfb9-4385-849c-2cf8e3134f5d,2024-07-05T15:19:56Z
d11800ef-57d7-4b4a-9b0d-3a7c95f5431d,2024-04-16T10:24:07Z
06586995-45e3-4ae7-ac40-9c27ebd08444,2023-12-11T23:05:27Z
0c7d2e8a-48f6-408d-81da-ecf2d17bc5a4,2020-04-18T10:27:23Z
5c7c3078-4402-45d3-951c-c354e27589b3,2021-02-21T16:37:49Z
52dc876e-310c-4efe-8130-f9eef075009e,2021-12-23T13:07:00Z
e44bb02d-ba31-40c5-aa20-452a3682a1d0,2023-01-02T10:51:20Z
e44ab592-347a-4ecd-b493-a5a04cd359d9,2024-09-30T13:11:46Z
decf02d5-81a3-47eb-b5e7-2e98ba448ed8,2023-05-07T09:15:11Z
c9c2eb3c-5eb8-4f8d-8476-b71c27d96007,2020-05-14T09:13:46Z
f87f9d50-6914-4a64-9bdb-7e58cd05e633,2021-05-10T15:05:23Z
17a6981e-b1db-46d9-b04e-afbf0bd98c1d,2021-03-28T04:14:47Z
a16503dc-4432-4051-b84a-ae52d4f9477e,2020-08-08T01:52:05Z
c10e2acf-d691-4246-8fb5-eb45e91bdbae,2024-10-21T22:11:01Z
33a04448-e7ae-490d-bea4-d58d8ad76067,2021-09-13T16:02:32Z
395118c4-e0fb-40b7-a26a-c3cc0af54887,2020-07-23T15:36:50Z
2e11f3d3-e8a3-4924-9e52-04ab10ce219b,2023-03-25T17:11:19Z
0a4ebe97-d82b-4822-b614-5173e1fd97b2,2024-07-07T07:32:00Z
671a9cbe-b21f-42ee-9fb5-1b01ee201ec3,2022-09-28T19:21:42Z
082c2aa8-b4a1-4196-b5ec-28962284a67b,2024-03-24T18:24:22Z
60b058dc-9449-430a-8d07-c11501444031,2024-01-08T19:42:34Z
5f13d4d7-2f04-48f5-b638-5ccf00896789,2021-07-12T01:03:02Z
eb3763b6-b377-4d6c-939b-7d18592cf550,2021-06-19T20:30:50Z
fa137644-f930-41ab-9536-05c19c506d2e,2020-12-31T03:16:12Z
02fc8f02-1456-4e66-80fc-2dd9c9bfc410,2022-08-10T13:23:19Z
d56b9f11-101d-4493-8c21-ff8e41474bb0,2024-01-28T10:09:07Z
be6c22c2-6de9-4790-bcf3-d349bfcd40b3,2020-10-08T06:41:05Z
9e0a0bec-d80a-4675-9d6d-d643f3b023bf,2020-05-14T00:37:04Z
c6e2f741-e7be-47d5-b01e-a99ed79f7ee8,2022-07-13T19:44:59Z
dc9574b9-493c-47bc-82dc-1dd65d519361,2021-10-04T07:15:19Z
e25e9a42-b1d5-4d0a-9f75-0401879f3970,2020-05-16T17:57:48Z
13105d33-bbef-47f8-a93e-b11cdf2d237d,2023-01-05T21:32:36Z
85441639-eb3c-4471-8bdd-48ad96d28031,2023-03-15T17:39:16Z
7b645039-aa1f-44eb-a03b-c78027e6b0c5,2024-12-11T08:41:53Z
58815ca4-17bc-4150-a4fc-01acb932d0e2,2022-11-04T01:04:30Z
f9a042fe-aa1c-41ab-bf3d-5bbb084beed4,2020-05-03T11:23:58Z
cc1b2326-41b3-42f7-9147-4cb0fbab04cf,2021-08-07T13:12:53Z
91a0de55-3fe2-4c90-b033-ca5419563c25,2021-03-22T03:29:23Z
56dab3eb-a35a-4c10-9a37-6efc86ed8846,2023-06-14T14:42:15Z
2d8618fa-b194-40ba-8ad0-c7d9f8843b1c,2021-09-19T22:31:34Z
5d78b575-e8f8-4d32-83d5-52d31e76fc50,2020-12-11T18:00:01Z
78164aea-e30f-423d-800b-afdded934cab,2021-08-25T08:18:59Z
27a8f896-d68a-4d0e-8e34-2e9cb946a591,2023-03-13T06:27:38Z
f44a7aa3-b872-407b-9e37-4d1274ce1c87,2024-12-18T00:28:39Z
97bac8bb-6eba-462f-9f42-a75eb9adf0b7,2022-09-26T17:12:27Z
8e4c5e5c-261f-4f63-8fee-23a62d3c89e1,2024-09-21T04:45:15Z
e5dbf270-eec5-45f3-ac1a-7b219cde530d,2020-01-12T23:27:13Z
d64ab354-8049-4d6f-9449-e11e684c1817,2021-09-30T15:56:59Z
58f8acbb-2515-4d17-9001-2d606ddc65cb,2021-07-08T03:59:51Z
d523acf6-59a5-48f9-bcb6-3d1657021ad7,2023-04-29T12:12:39Z
3c52117b-7d52-4ed9-a46d-20d2a5e5db3d,2023-09-08T06:10:40Z
39ba172e-57d3-4580-9edf-910a9f252ba7,2024-05-22T17:27:00Z
00d719fb-a574-42f5-9615-c72e248c5e3c,2020-08-24T23:10:14Z
f429d752-dbf2-4ae8-b24b-134711fb4839,2021-03-14T08:24:47Z
e0a1e814-2c1b-4e90-826d-462cf103ba39,2020-07-19T20:57:08Z
e24c1614-7850-4588-98dd-285c0ec739f4,2020-11-24T09:44:12Z
03601603-2b0f-4c4b-8307-a6bb96d47ea3,2021-05-31T08:48:25Z
0d953366-03c8-4233-be51-97c87e01f7cf,2024-09-13T04:11:12Z
c451f7ff-d7e4-48fb-b23e-a47d246cacaf,2020-04-23T19:33:02Z
6fc5d898-1573-46fd-b116-8bb5f69da679,2023-09-21T10:07:55Z
a064a1ed-4129-40c0-9e64-d439124be03a,2023-03-16T14:18:26Z
9a1a8e48-dcfb-4727-b242-9b3defceaa07,2020-07-29T18:27:12Z
bd0b9221-95a3-49dd-b446-32a4df4b1697,2021-10-05T12:19:37Z
43a9366b-18e9-4c75-8cf3-f9df3b6ef022,2020-11-03T16:24:59Z
d2c7f836-185e-417c-b907-a785b8a80d92,2020-07-31T23:11:33Z
223e8463-f4e2-4923-8b9f-856b46befcc3,2021-07-29T02:00:19Z
39b29654-be39-4175-b041-8b405f2cdc13,2023-07-24T04:36:57Z
cd8c3847-e9b9-4b0b-ba49-1d2ba9ae2869,2020-05-01T13:42:21Z
4c83ca01-8558-466c-8c2a-1413023c8aaf,2021-09-12T21:47:08Z
287dac80-b03f-471f-a33f-64637e81cd9d,2023-01-06T22:18:59Z
822f83f4-9500-4da6-a414-276b74b5c687,2022-12-15T11:51:48Z
5411aa1c-e3c7-4185-82c5-9d53d509531d,2020-03-15T07:48:40Z
8d23f29e-5f4a-482e-b5a4-a07e7aad7fb3,2024-07-31T21:48:04Z
efcc2005-f2c2-4be1-a355-395143900be2,2021-11-11T12:49:44Z
f93f8ee4-0efc-4330-b889-5b95d1f29d3a,2020-01-19T22:01:48Z
89a661ac-5f44-415a-871f-4a8bbea0bc50,2024-07-13T01:10:41Z
cb8bf403-f937-4a27-8fd1-0a675bdfdf05,2020-11-03T04:10:06Z
00becf9e-8219-4f1d-a7f7-e58e4dab5339,2020-10-08T16:03:17Z
5418310e-726e-4c4d-81ae-9660ad762953,2024-12-13T16:23:11Z
1a763aa6-b8be-46ee-b722-d102fc4d7071,2022-07-28T09:52:52Z
d0b24a1f-3789-4b4e-bedd-fcdf5ce70e62,2023-08-10T07:42:05Z
5d94f2bf-285a-424b-8f92-daa4a22f26d6,2024-03-05T05:15:57Z
795ea992-9627-4bbf-9156-595c6945b9e6,2023-10-29T08:04:36Z
2e92d0b8-93e2-4113-8ffd-0b39ce22ff90,2021-01-21T05:18:47Z
f8fb77a0-fca6-45da-a432-297538a2b3d0,2023-07-24T06:50:06Z
b1d8a5fa-57ce-423b-89a9-2a0c656c9b2c,2024-05-14T23:29:57Z
ddc37a13-8285-42cf-aa3e-8d3122513029,2022-03-28T17:51:26Z
86eae8a4-efee-4f98-9485-d501f177cf77,2021-11-21T09:44:36Z
e4407bff-9799-408a-a3ee-5dc6e48fc22f,2020-02-08T11:27:20Z
53ea7534-33d4-4c00-ad92-f9c6a793ed87,2024-09-22T19:30:15Z
a1375f19-42da-4510-adf5-10888e874d0e,2022-07-06T08:32:52Z
22fce3f6-a212-40aa-991f-ef7fb2ae8fa7,2022-06-02T04:03:16Z
9e3d9940-2990-420c-b6e5-704c978d38e6,2024-02-10T16:24:05Z
97e75d95-2773-4a5c-a6cc-c14cede15cef,2021-12-12T02:22:58Z
467adf1c-8d73-417e-93ab-1a20a7c85e3f,2021-09-26T10:21:52Z
23e213c5-27a4-43ee-a1fa-6a11c087d6b4,2021-09-02T15:45:54Z
528525eb-66b0-4dcf-ac25-c3c257784e5c,2020-04-04T08:34:41Z
d53e3708-b134-48a9-bc45-0698413eb272,2021-05-10T23:45:14Z
1b68c81c-398d-43ea-bf53-e9d96f773e3d,2023-02-15T13:39:05Z
85dc41e9-6df8-402e-a0ec-465523b5f0be,2023-05-25T21:53:05Z
f6d9710f-c7cb-493e-86a6-f770b9c53907,2020-08-17T16:20:08Z
78efbcc9-f9a4-4f73-bf69-791f190fcd62,2024-10-23T16:22:31Z
5ddfb302-79c4-49c7-bf8d-89daf3ad3d2e,2022-10-23T07:36:51Z
6dc6aa7d-6c77-48a1-8680-7e2318729757,2024-05-07T00:37:58Z
285c8bb1-1e7a-48b6-89cb-83a3b7b87a50,2023-03-27T17:29:34Z
ce8bcc59-b4cc-4566-ae11-2ab3d6b8c157,2020-04-18T08:52:30Z
d16df681-cb4c-4296-8750-ed178671a574,2022-10-02T09:06:43Z
612db851-3c47-4eec-9a88-7cde17c514af,2021-03-13T21:15:11Z
e327e89c-d37c-49cd-99aa-beda305f6917,2024-11-17T13:59:24Z
97660bb5-a123-4f9c-9f23-f62387e4e06c,2021-08-20T21:05:46Z
5c1e35e0-9752-4910-8db9-43222104fa49,2024-11-16T12:19:42Z
939a9353-f494-40cd-97d0-909191038317,2024-03-24T05:40:57Z
fc7b5023-5594-4229-96ac-2acc84d9ad6f,2020-01-01T22:59:44Z
9c8b3900-9452-4533-8f0e-81da7677d35d,2020-03-06T08:08:39Z
d27a4891-b64b-4460-a3d6-fd641009aa07,2023-09-02T19:08:25Z
e76ad303-3239-4c44-977a-f992baa0da5e,2021-10-10T23:22:02Z
56af40f1-fc80-48ea-b0e8-2a832839bd0a,2021-11-14T23:17:02Z
8f347a07-246c-43c0-8b79-9b0d5f056601,2021-08-23T19:14:23Z
b73f8985-83ad-4abf-a0c2-9ac4bb3812b0,2021-11-26T11:22:55Z
f6c3c019-12d6-4528-8548-6903c32e80ac,2022-12-28T12:14:53Z
3e7f43c3-b656-4147-baed-351794d49341,2021-01-20T04:43:02Z
a2e8c87a-1f07-4f82-9f04-0d7b2a0f8ec7,2022-12-05T03:44:56Z
83299c26-7453-4035-9d0f-c92a861d9edb,2020-04-09T01:49:03Z
5197304a-406a-46f8-82de-ec60315078c0,2020-10-11T22:19:30Z
1b44e463-a983-4376-ac86-e9558f573e8d,2024-06-23T13:53:02Z
6e266d4d-5ee8-4574-9d6c-d648f7c53c57,2023-02-17T18:52:22Z
0f36d798-b6ae-4be9-8768-0711df754ba3,2022-12-11T14:40:45Z
25bd022c-bf1a-4697-a3cb-17dc1a72fdbb,2023-02-05T03:59:26Z
18fa9056-b9f7-4eff-8f63-6de1566f22cf,2024-10-31T07:28:48Z
743401a2-b97c-4870-a9e0-1d527b68b8be,2021-01-30T09:49:08Z
2944b73b-3c30-4b3d-8db4-9bf33f0f5885,2022-02-27T15:09:03Z
e0a64912-75aa-46a6-8cd0-3f125557c4a1,2021-01-17T17:13:30Z
f1af56b0-8511-4213-a9ba-f8949eb7dfc2,2021-05-13T04:52:49Z
3a2497a6-fffe-45a4-a9ad-59308caf788d,2023-02-19T01:42:34Z
981d8c63-9c20-46ae-a26d-27a83d93daf3,2022-03-01T13:01:30Z
79cb100c-c724-4c93-bcc4-91499843b49a,2023-05-20T06:11:05Z
2e3c0943-9c7f-4aa7-b51c-3fbb2be93cf4,2024-03-08T13:04:22Z
e3553954-a34e-4d6b-af9b-4c86fb340f66,2024-06-13T12:47:10Z
a3b5bbcd-3e75-47bf-ab1a-48779d0fa362,2022-02-12T13:22:00Z
0b6e0615-372f-4d9d-a467-41f8be88e69c,2020-05-26T14:54:40Z
4075dbca-cf95-4404-a53b-acd4dff0562b,2021-11-26T19:50:13Z
fb27d08c-3f24-4be5-a060-70aecf94bb85,2024-08-15T05:31:41Z
b9bd09cb-22d6-4e8c-ae04-9a7af088e964,2021-10-28T13:50:01Z
eef542fc-d451-4baa-91d2-24b2db37f336,2023-11-06T17:56:34Z
8bf537f3-e7b6-42ef-b3ef-133b4302ba67,2023-12-21T13:28:48Z
f8b55a63-fa35-4982-ac3d-e48db988e75a,2024-02-23T07:38:24Z
515a0353-fd93-4178-944f-5ca07f3e4ca5,2020-05-30T23:37:20Z
7b3563c3-1901-4bf8-903b-224f608f873c,2021-08-02T22:28:15Z
f60f279f-c0b7-4c1a-a1ec-b3ec331f8ba7,2024-04-23T00:55:00Z
299151bd-f91d-4d3f-95ad-765ba2d305a8,2022-10-31T09:22:54Z
4be9de8e-31d9-4959-b1a2-c597e4177fc0,2020-05-09T22:58:56Z
2c572d7f-bedf-45d6-8527-2c4b10e7afc8,2024-02-17T22:01:26Z
f0863355-666d-4bd9-b070-d95ab590212a,2021-03-22T23:16:56Z
a885ca44-f073-46b5-a99a-4409eca5b414,2020-01-10T19:05:20Z
31e851af-b29c-4bd5-98ee-7d22b1447c42,2020-08-19T17:35:01Z
8a579494-c02f-4adc-abd3-8f0db71b5fd1,2020-02-05T16:14:09Z
c6df3e7a-f4eb-4aef-99a3-aa425b727578,2023-11-09T18:54:56Z
5c64d8a6-5b0e-46b4-b236-d1bb6026c956,2024-05-21T07:27:24Z
5e445542-cbdb-482e-849e-29cc99f332ea,2024-07-30T12:31:21Z
4a314a57-276d-43d8-9309-c2356af0d675,2024-01-18T15:46:30Z
db50f001-f509-4148-9e87-65bed27729b2,2024-09-08T18:33:43Z
800d9192-d41c-4aca-bde4-7374b8fbc2ad,2022-06-22T00:09:43Z
24cf2d4c-9bde-4d26-bc6e-94d4dd839799,2022-12-25T13:24:22Z
1b67e9a2-5f55-4ca3-993e-1af1cea30a0c,2024-01-06T20:09:54Z
1b628a54-d16e-451e-b990-6d9f5dad4b4b,2022-07-06T20:28:22Z
c62af285-8b6e-43ad-9aa5-54d083517442,2021-10-02T10:38:53Z
286050a5-e14f-490b-a267-934e8eb128e4,2021-09-14T16:26:58Z
ee7602a7-17b3-4727-8e7a-768467132db1,2024-03-28T05:20:33Z
6c90eabf-7f81-4514-99e4-d7d59c9dc8d5,2022-10-06T21:24:56Z
56e0847b-cbfb-49d4-b6fb-ad070c28e40d,2021-08-06T17:33:05Z
3aed2b03-1017-4d64-8160-c80aba15eede,2024-10-07T12:16:53Z
8244ebb6-abad-4aac-a3f1-d88afb501625,2020-04-27T15:48:26Z
c2ee1183-30e9-4a55-94b4-046ecb8fc3b3,2022-09-08T23:57:55Z
38a4e42b-f89d-4967-b9e7-503ad7b7fe68,2024-01-25T12:16:00Z
472cf25d-a7e2-40aa-873b-5b8d7180cc83,2024-11-08T02:52:55Z
1c593566-352f-4cc0-a8d4-5d7231e36df0,2024-05-21T15:44:33Z
62002d15-efb5-4f3b-85a9-fd9f8ecc3e62,2024-03-21T09:48:20Z
14ab0fdb-ff3a-4c77-9e0b-17b8b964059c,2023-08-29T09:49:44Z
92897d01-01f2-4f28-b70a-b9dd7354b55b,2023-10-03T23:52:18Z
551894d1-a6b5-4a3c-858e-1e0d0d1b099f,2021-07-09T12:47:09Z
4dd4820d-ed4e-4487-88f9-400242f7106d,2024-12-28T14:37:08Z
52c46203-259c-4c96-8a47-983911f40680,2023-07-12T01:30:48Z
04ed6f89-630d-4e43-9cec-be9d17c3abc0,2020-08-09T19:35:26Z
48742ebb-4812-46ed-8aec-3f74a12c79ac,2022-10-20T19:40:23Z
0a316dd2-eddf-42e1-b565-9077ff449ad8,2021-10-16T00:00:08Z
20574a1c-5152-46fe-9fa7-5ac38672ca3f,2023-02-24T16:02:28Z
bdecf6cb-0284-4068-836b-7734796b131f,2023-01-22T12:51:18Z
14864dc0-8248-4905-b2a2-4a399bc24624,2024-08-15T04:55:27Z
4d665799-a438-401f-9045-ef832f85c099,2024-02-23T06:14:50Z
b2289306-265b-4b76-9fa6-7dfb593dd218,2022-06-22T17:13:11Z
1a422e6e-89cd-4458-ae8b-4917284e8173,2020-09-26T07:27:14Z
9048f16d-440a-4af4-a63b-8e532814e703,2020-09-06T01:23:02Z
fa9f7bb9-5595-48fa-a7e5-5321f5394fc0,2024-05-04T04:02:28Z
20ad6a49-345f-4b9e-a307-2e8a70a9a5c5,2022-12-31T10:17:01Z
f00c1f74-1a1a-4af8-9d7e-f049131d22e3,2021-06-21T07:14:34Z
84ba9339-8c57-49e1-b596-edd31c84ac8d,2023-12-27T02:16:03Z
5eb9e878-79b7-4ed7-9653-1b7bbaa4ce38,2021-06-29T22:00:13Z
d07b0ff9-8576-4cf6-b2d0-c952c86f6afe,2021-08-27T09:19:11Z
343f43ab-7492-46f7-b3ba-1b4b58daf5ef,2022-03-02T11:01:34Z
e1da143d-05d1-4660-a0b6-409c5c85db9d,2024-07-21T06:19:57Z
162a79cc-46be-434d-979f-86abe701c154,2020-07-01T17:12:57Z
1cdb98ce-3b6e-4591-b971-99b5e58bb70b,2021-06-02T01:19:11Z
33e1f1f1-ec2b-428f-bb7a-08042d356e07,2020-07-23T23:23:05Z
77aafb0f-bb3a-4e22-bc0b-777ba56fada5,2020-03-27T17:53:00Z
401597ff-1a07-461b-b9cd-e80ca46c8b25,2024-10-28T08:07:05Z
830def9d-f28f-4c98-bbe6-9d9ffd101941,2020-03-05T10:42:02Z
02739ca7-1d93-48f6-b1e6-90205738f5bd,2021-01-24T16:57:57Z
ea39ab1b-6fe3-41ee-9d47-f12088511523,2024-04-19T02:46:22Z
391508f8-f893-4c6c-bd2c-447610307a40,2021-09-20T13:39:33Z
16dd7876-860b-4b3a-ac35-55f93920b889,2024-11-04T00:26:21Z
4d3a8dca-6937-4a59-9279-de5582aca6b0,2023-03-27T22:07:37Z
d173193f-4d00-4dda-a296-54a730d9781e,2021-08-29T14:26:47Z
936f38be-bb24-4be4-bf98-8ca77fafec70,2024-02-18T10:11:55Z
d4f9d113-3089-46ff-8e61-7e732855fa91,2021-07-05T18:24:35Z
b5745786-e3ec-4ac6-88cc-8ea6a98f338b,2020-10-07T02:33:01Z
4cdd4d6c-12e0-447b-8b3b-a31f224f9204,2021-08-08T20:17:58Z
e73b2ea1-348e-492a-a570-5334b584d6ca,2020-09-14T18:19:34Z
beb3edb8-264b-403c-9b6f-79439d5afa35,2021-06-27T18:21:30Z
09c8016b-42b9-40a1-9d24-cbdc1b6e06ad,2022-03-21T02:07:35Z
f721c559-8a90-4e43-a05d-3330fba33990,2023-05-15T06:55:57Z
f3dc0854-48a0-4c25-8346-3a336e3fe14f,2022-02-11T23:49:58Z
a5c23be3-37ac-4c61-9fa3-b6c3f257cfa5,2022-01-14T20:57:04Z
5b44a16e-4ae2-4ba0-b7f3-5fe115c9740f,2022-07-24T01:01:12Z
9e62f73f-824e-4214-ac87-c846fadc5073,2024-08-24T05:09:03Z
136c7abc-aa2c-464f-b07c-bc86867153de,2021-04-17T12:07:11Z
8be5b898-70db-412b-bcf2-4e7d56ba1153,2023-09-30T03:01:17Z
d4442677-54fd-48f0-b2bf-bae88af08e35,2022-02-18T03:14:36Z
c8a196e2-9a72-4ba2-acc4-b824177972db,2023-06-30T11:21:00Z
25e2a323-2882-4901-99bc-2d6e114205d5,2022-10-20T06:27:56Z
e898b71f-56f7-45b9-b6f3-720ef55dd442,2024-10-25T18:30:03Z
10360563-4700-49b4-a46c-862f02bfe0eb,2023-04-23T01:05:35Z
f7fcd3c9-b80e-4915-b2d1-39f2b6932cfb,2020-01-01T01:15:19Z
6abd3e1f-05b4-4837-9d0b-79b562c347d0,2023-03-20T12:17:51Z
0f3775d6-cb00-4707-975c-734ceab1b983,2023-01-01T04:46:50Z
b444fc93-da3d-4bc3-a587-a1ec78bd54fd,2022-12-02T23:34:22Z
f2dacdcc-70d8-4f20-860f-fee386681cdf,2023-06-02T23:01:44Z
bcf5abac-c461-497c-8dc5-8bfc6aeeaa49,2023-04-12T22:25:14Z
1a08efa5-f690-45b8-975a-628a19844926,2021-11-03T22:15:28Z
25b07d89-32ec-4e5e-b577-4b677d43cb43,2024-02-23T20:10:59Z
31b1e33e-498e-4c33-be70-087b634441c2,2022-07-23T01:24:05Z
298f95ac-4adb-4cc1-ae8b-2e25d482342d,2024-11-02T00:24:30Z
d6dc37a1-5bfd-4c12-ba30-7fbdc8012e91,2023-11-07T06:44:25Z
bac3b511-5e3d-4950-a601-ae3a0748b976,2023-02-01T13:52:38Z
5ff84721-aa47-4692-9661-02c2da7844a8,2023-08-08T17:45:01Z
900f3396-d01e-4e0d-8c39-3f446003e3c7,2020-01-10T11:27:15Z
f4f4dbb0-dd6a-4ac7-9f81-3fa9186e4b5e,2024-01-21T09:24:42Z
f472a01c-ea9b-4de4-8cda-c5e71a08f422,2022-03-21T04:54:10Z
4b9082cd-1fe2-4138-809f-a0283b60fd20,2021-12-09T08:18:14Z
77268f90-d285-4949-a860-05ce3a3cde91,2021-06-28T23:40:23Z
631ca253-2038-454f-8910-ffce30561dfa,2020-12-18T11:37:23Z
4efc8133-2320-4d9f-b851-8962f26bc7df,2024-12-31T09:22:24Z
46f1e440-d2fa-4dc6-9e78-06d01bf7c4d9,2024-08-18T20:16:01Z
cebb83bc-6d60-4c54-9ff2-d8a62ec65b37,2024-11-12T23:34:47Z
5e0f0d9f-9283-4cd8-a518-86fe157f1c06,2024-08-02T09:02:39Z
2d386e9c-30ad-4ed4-913a-6922fbb28aff,2022-11-14T20:52:29Z
e8609d84-4b19-4f27-84ab-795ed1c090d8,2023-04-09T05:32:13Z
33c51961-9321-4a49-9072-acb31adec743,2022-04-23T21:26:07Z
565d135f-e4a2-418c-bc20-2c5b0ae9838f,2024-11-29T21:10:14Z
65c5f09e-fb71-425d-a636-aa61111a7bcb,2022-09-26T08:10:09Z
701f3dd4-3974-4f74-8316-0c6a8ae1874a,2021-02-27T17:26:56Z
fe9f0a62-330f-40ae-b865-97ac33d42abd,2023-05-19T10:19:23Z
96b35ccd-83e0-449c-bb1d-baa190ffcf45,2021-10-11T16:47:03Z
3e67009c-8173-4bf2-9115-494339b5656b,2021-08-10T11:32:39Z
90284723-736d-427b-b4a7-baafe30e1249,2024-09-29T00:47:05Z
56197168-8610-4b7e-9e54-4c59ba431467,2021-08-30T20:30:27Z
c85ee4b8-8fcb-4f41-aa71-aa9aa7df1c2b,2021-07-28T11:19:29Z
f9652d43-758e-4e1d-afde-9daf829c6bd9,2021-05-07T18:23:15Z
9fa37208-45bb-4d0b-a8ca-da5d285b88c9,2021-09-22T12:47:51Z
78e691ca-d51a-4bc8-8ee1-8da6cefda1ae,2021-09-19T02:16:04Z
2fc462fc-700f-493d-95f5-358f8216dfcb,2020-09-19T16:31:04Z
fcc64c7d-17a8-48a9-96fd-8f56aea9620a,2022-02-15T03:30:08Z
ed57f31f-9900-4e27-8555-1121ea20debd,2024-05-22T16:49:26Z
416f38c9-537d-42df-939c-e421f4f5bdf0,2020-08-07T02:22:41Z
562bab98-ed45-4fac-be89-9d38f0e440df,2021-08-02T14:37:56Z
32a1d6ac-3195-4cbf-820c-3db12f8bb267,2023-01-11T14:48:39Z
2155fa67-f9a1-4c37-84bc-c8a3150000e3,2021-10-01T19:53:58Z
390308f4-c5ed-4890-ac15-a165c7e42a8a,2020-03-04T18:53:05Z
d25b55e9-f8cf-4b5f-919f-1c396dd80e50,2020-02-28T12:16:42Z
4ac0a034-b73b-49c3-aed0-2518aebf55fa,2020-08-06T01:22:43Z
113c5f4d-98b3-47d0-9997-718f53250d7e,2021-01-31T03:34:16Z
319cca22-693d-43f2-979e-7aa4c6aa104c,2024-10-21T02:29:16Z
3900c40a-c173-48d2-b328-cee45e084854,2022-09-17T14:06:57Z
7d7b6705-7aa5-4850-a00a-c8d9cf7ebc10,2023-01-12T17:57:32Z
ea0b78bf-88e3-48f4-ab86-698669395fff,2020-09-11T02:27:27Z
d01c9e8f-45f2-4c44-b9c5-69470475fdb3,2022-01-17T08:38:52Z
d717172d-3839-4d8a-a323-c47d7201476d,2021-04-25T18:45:40Z
3181d5ff-100b-45ee-8988-8f60304b65ed,2022-12-06T10:52:38Z
5b586e83-65a4-4523-86c6-ed72b4a04dd7,2022-03-31T13:18:25Z
e29c2523-f1ca-454f-96a9-dff4ad7b8f34,2021-02-22T05:51:30Z
ce6f45c4-84af-420f-ae4f-9a4382218139,2022-12-27T04:39:07Z
77e42f78-edbb-42b9-b669-2fb6a39edc5a,2023-09-28T01:50:36Z
503175d4-1241-4c2e-841f-8ceed120998c,2023-03-22T20:00:17Z
79924066-c4f5-49ab-80b2-49ae4da3cf54,2020-06-24T04:09:20Z
81e998d6-e09d-4553-a623-46ca81f59aee,2023-11-03T03:00:18Z
3a76f873-6432-4df6-b9af-2fba02a6305f,2022-08-17T04:21:45Z
7e423c95-1588-44de-be45-a070dcddb947,2021-10-22T19:46:12Z
263b8d99-5402-4a4d-8311-1752147d2975,2021-10-31T17:37:00Z
c33599ea-29af-4dfd-9491-51004748e46a,2022-06-28T03:44:26Z
6b28be42-f21b-472a-acd4-2d034c7b4298,2023-07-26T04:25:27Z
59cc06b5-2891-46fd-b2e1-eff40485cd69,2021-08-02T04:08:49Z
55737d01-c419-4946-8d63-901f228e5059,2023-05-09T03:00:15Z
99dcb5cc-5b70-4c9f-a172-6de7479e7170,2020-02-15T12:23:48Z
5b8c548c-45bd-49a5-928e-be682f0c93c3,2020-12-25T01:59:38Z
b0da0469-66a4-49c2-b154-4d9af6489e06,2024-09-04T12:22:39Z
e89ef125-ac8b-4269-9686-f1f7df7ff854,2023-12-09T18:48:59Z
add7e414-0fa2-4f37-a767-af97a7920a85,2022-05-13T08:55:27Z
45d6de66-2b87-490b-858d-1041a72fa821,2020-10-12T19:05:13Z
fcf4a13f-a4c7-41b1-966a-5d8f4afda213,2021-09-28T18:03:17Z
55180e5e-37e4-4040-ad1e-550586d14bf6,2021-08-27T23:47:45Z
423efd26-7119-4d40-8461-d83e32011b78,2022-11-12T16:03:08Z
f5390f9f-c10c-4af9-8792-ea89e1db172e,2023-01-16T10:51:14Z
745c53fc-e5cf-4553-a9a9-bdbfbb320a63,2024-01-18T17:20:01Z
7fb13e25-e6b3-4756-963e-6fd9bf0079b6,2022-02-15T02:21:09Z
abaf3e5f-db51-428e-ae70-6a04e5a94a90,2024-02-03T15:36:48Z
c1407c6e-e428-4ed2-883f-cccb74e3eae7,2024-09-08T04:00:21Z
cfb83ce8-fdaa-41a1-a50c-2b919facde97,2022-11-29T23:57:21Z
46ace593-092e-4475-a568-35bca4c4a93f,2023-10-01T18:14:02Z
0e034d99-a3ca-40bb-9dcc-b0ca6dbb5cb5,2022-09-02T10:17:46Z
ad455378-4200-415e-884e-7a9b598a3682,2022-05-08T21:51:21Z
c394a0a0-f6e8-470f-9d7d-c1f00ba7bc20,2023-12-15T14:31:12Z
c9887e85-48d0-4a7e-8315-5c69a0bb6ef2,2023-08-16T05:29:27Z
69b5ae6c-b529-4a02-99e8-f4f40c26793b,2024-08-05T11:53:00Z
6c0035e8-4a08-4ead-9d59-f653eb486158,2024-10-15T23:13:25Z
945ac69e-dc62-4354-926f-de79414bc996,2023-01-09T08:46:19Z
2dff7f23-497a-4776-b3de-c7fccb3eec12,2023-10-10T19:13:48Z
08d1c14e-0498-47ad-91bb-f494a9ef6742,2024-02-09T10:22:56Z
70ebaf42-46d2-42e8-b188-e67554c19f9c,2022-09-02T18:28:09Z
bbe607cf-3de9-49cb-a895-911fcc2dd407,2021-10-07T16:02:44Z
19c44010-118b-45d1-8412-6a578a5df3bd,2022-11-01T14:43:59Z
7a51d73f-75dc-46fb-8e83-d99b69b058ef,2021-06-09T17:25:46Z
215123df-c805-4c56-a384-ecb652e9ac76,2024-09-09T13:33:32Z
2567d1ca-87af-4194-b70f-5e3515efd798,2020-12-27T19:23:56Z
df23cdbd-db23-4910-93b9-6d0842d36ef6,2020-12-17T12:33:25Z
d86535bf-8fa2-4242-921a-b8cb90d5e47d,2021-07-19T05:40:28Z
c659ea51-08c7-4868-9af6-e27aff066f4f,2022-01-15T15:04:08Z
6d451d55-3d40-4d48-b322-a7c66cc902e8,2023-08-16T06:29:17Z
e67b1b18-4434-4422-8d2e-af6528ad82b5,2021-01-29T21:56:19Z
5c39985e-0e7f-4307-934d-fde6cfd637da,2020-09-27T03:03:51Z
4b8f2edf-1f46-400e-9f45-3fa2855e3c15,2021-03-20T11:31:25Z
823ca3ba-5165-4f78-910a-b50cc3aac9a6,2021-06-10T14:00:15Z
7778b220-65c2-4635-9ee6-8d8e85c99b0f,2021-05-21T17:01:24Z
04c12938-e711-4bc7-93d9-4094c3be2506,2020-05-30T14:11:50Z
76d6b6da-5306-4a5d-b473-3adbeb6d6f6a,2024-11-08T22:31:55Z
18ee0ad8-923f-47a2-b67a-38dfd41fddd7,2023-09-20T17:23:35Z
44ba7624-c60a-49eb-8ebf-401da3cb2dea,2021-01-05T21:07:59Z
6e33037e-3371-4d35-99da-ad9a6b4732d0,2024-02-22T00:45:14Z
b942aaea-1020-4107-92cc-5bd8312c8014,2023-02-06T05:09:52Z
2fa9bc90-8abb-4ff8-bed7-518005e1783a,2021-11-15T07:51:48Z
dbb1b4a2-d6f7-42bf-aefb-158658c8612d,2023-02-06T11:58:39Z
706b4da1-12d0-47a7-9829-816fa958d0fb,2023-05-06T16:32:30Z
8fed97dd-881f-4e43-85f0-bbe005d104fa,2023-05-24T14:59:13Z
bf3d5b34-5e66-459e-80d9-90256a3b0e37,2020-05-20T19:35:34Z
471a7d51-d0df-4487-8978-a45e57a912b3,2020-01-22T01:14:21Z
37bebfda-8bf2-413d-92fb-837657a487b4,2024-08-24T17:16:50Z
34730b86-f886-4e1f-9700-23507063a829,2023-11-20T01:53:44Z
41c8c32a-9da7-4e8d-8296-64c78d8d5c2b,2023-10-01T23:36:20Z
f187230d-10b9-4d1e-ac15-0a848faebba9,2024-01-20T01:26:27Z
1ac934ff-58e8-49df-80e6-4f9d7f9faed6,2024-08-14T15:33:40Z
aabc3556-8e5f-47e1-90d1-3247f8d985ae,2024-04-08T16:50:06Z
f3264a96-6422-4381-ad3c-0de089975c5e,2023-07-31T09:47:28Z
6529110e-b834-4bde-abed-0d282a510745,2021-08-07T14:26:56Z
4104e3f1-9469-4213-a2eb-adb670898058,2023-10-26T15:11:43Z
d7094af0-121e-474b-a5ab-2d469b3b3fcd,2021-12-16T16:34:03Z
57a6b008-f26c-4362-8cb2-a1fc8bb44920,2021-02-27T08:36:43Z
ea7ea498-0ece-4125-9e46-4a1bdcac5e43,2023-06-30T02:27:02Z
0517e521-57dc-4d6b-9404-d5084fcc8e6c,2022-07-08T22:30:52Z
87f36827-956e-4bfa-a9c3-5ef91a4c8a47,2020-12-23T23:05:34Z
72ff8c7b-0515-409d-85aa-56f1e3f1b61d,2023-01-03T11:39:05Z
c97d3c31-eed1-4b18-991b-072c2fbe5efc,2021-06-18T13:35:57Z
ae63c7ef-21ab-4c7f-961d-7dab2bf520dc,2022-03-01T14:59:35Z
7dfba370-efd0-4682-9ba9-8e5ece56a511,2020-08-20T11:18:55Z
44dfe0e3-78d1-4273-84f8-b592f31b07b1,2021-08-04T03:10:37Z
bd34e063-910f-4240-9eed-986c6d41b83d,2021-08-18T07:17:11Z
7a72188d-b70a-4571-817b-c0d9d4dd9edf,2022-04-14T05:47:43Z
a2ffceef-21e7-45d6-9b96-29a92bc3e304,2021-12-22T04:47:42Z
d9bec716-c59c-4deb-abc9-83ed3ba5ae7d,2022-03-30T08:00:55Z
03969197-84ae-46bd-bee5-f92aeb5da478,2023-04-13T16:49:25Z
36ceb83e-f59a-454f-b0c7-b1a39733b59e,2020-04-26T00:38:57Z
6093a5f9-c160-451e-881d-d7d55910d423,2021-07-04T02:27:08Z
78ab13ec-dafa-44c6-bd4c-5f968cf7e7bf,2024-07-22T04:39:58Z
e10a38c3-e09f-4ea4-ac3f-175b5ee7155f,2021-12-21T23:35:12Z
71f27b3c-541e-463c-8a06-a5f83195b7bc,2024-05-07T13:02:29Z
9c88a882-bbd3-4726-b154-d109670a7228,2020-07-07T04:05:47Z
9a16c448-7a76-436e-bed0-37bfd56c00ec,2020-06-22T19:49:00Z
90c1399b-6208-4250-a468-97b796dc2ce9,2024-09-28T21:58:26Z
7a7c248d-e21f-4e83-8158-5d6b7be4a17f,2023-07-27T11:36:05Z
6e51d9bd-3c3f-4e51-aab5-806bedfefce9,2024-12-14T23:32:09Z
f4394751-9d89-4ecd-a261-c59abdd93195,2020-06-14T06:19:23Z
e10ae44f-81d1-4f54-8919-0b209d685c3d,2021-01-13T10:58:56Z
3b51654c-47ad-4493-8d20-cac9983c0114,2022-04-29T11:05:01Z
433fded1-8176-499b-bfec-64a0b15384b5,2024-02-15T10:11:53Z
b19f81ea-6a6e-43d1-b50c-3aa6ebcdbd9e,2024-02-26T05:52:40Z
e464a044-afe8-4f9e-9249-f44701cade26,2022-02-26T07:55:10Z
2bb67545-a5c5-405f-8496-0be42818e513,2020-01-29T21:08:02Z
d2fe9bb4-e109-4b81-96be-f71e89340704,2021-12-07T01:55:46Z
ac168408-cd23-4779-8f04-1aa9aa4a5e9b,2023-07-27T03:05:33Z
123bf004-ad39-4b4d-a609-e6f332e811dc,2023-02-09T00:04:09Z
3f0829d2-7de5-4787-a617-1ed68e24a1cc,2021-07-01T15:24:35Z
c6d748c2-5d51-4f8f-9d05-da8fa08886fb,2022-10-02T14:47:45Z
d9b479bb-800f-4755-a10d-39ea2b29ae75,2022-01-23T09:23:40Z
e50ca04c-efab-4530-b39e-b6808726426d,2021-07-10T20:35:45Z
150b1ae3-708e-44cb-a696-ba12961eefb3,2020-12-27T06:55:06Z
cb75eb8a-868b-4fcb-8410-7219b9dfb8a6,2020-10-06T03:16:53Z
79ee4002-3309-426f-b510-1f5a5e4d090a,2022-06-04T20:13:23Z
c66058c8-af9b-4b8c-87b5-b08829df4af8,2021-07-06T00:30:14Z
921c1a95-c96e-4339-81a9-f7f2231d29a5,2022-02-28T17:09:02Z
dc862237-b418-4f6a-8094-56caaf93a9ac,2023-02-27T07:09:59Z
f7c7320f-902c-493c-bb05-d1f5505e57b9,2022-01-19T15:20:43Z
effb92f8-e0b9-4584-931a-5e0d340cefd5,2023-11-23T20:25:10Z
0e038e3d-3afc-49bb-b883-b45b873f8a78,2024-08-18T19:41:11Z
03b2d7ed-4567-4fed-b6bd-a4d7f18bd26e,2020-11-11T23:23:27Z
7406a5a8-ac25-41ef-9195-d492b3d88448,2023-11-29T14:39:04Z
3491d916-d73f-435f-b763-6e09c04d634e,2023-02-20T18:18:30Z
5d627c40-7148-49d0-804a-590c7dba9bfa,2024-01-10T22:17:32Z
dfe38cab-0daa-4eb2-8a4c-d3dd384825fa,2022-10-18T19:44:02Z
29908396-21e0-4306-b71c-12d27dc1a261,2024-10-11T00:36:01Z
aa4c83da-d280-4c1c-b8d9-3a814178392f,2020-07-10T02:22:19Z
531f94ba-e83b-409a-b761-7f6d64075bf5,2024-11-04T22:20:11Z
14a7a9c9-0b67-466b-9aa5-4afe98959a74,2023-08-24T18:46:24Z
1a4bf393-e264-4325-88e2-632a2babbbd8,2023-11-11T07:37:12Z
f1bfae0e-17d2-45c0-9528-fd1d7e51f48b,2021-12-03T02:39:54Z
e998e563-dcb0-4a69-8d25-16647d9a83b3,2021-03-01T01:52:11Z
a0341461-d52c-4a26-baed-689e10bd92de,2022-01-02T01:37:08Z
7ab5b184-9a68-4683-86a7-4cb1bf5fc08b,2020-03-24T09:01:07Z
61b218a2-9314-4262-9b9c-910efd6d65ef,2020-06-21T01:10:26Z
da1af4b0-689c-47d0-b942-e81e216cbe08,2022-08-09T04:46:07Z
041f8ed8-cbab-447e-8472-89f40310f986,2020-06-14T09:58:34Z
a66ca1fb-b0d5-4d2e-9890-077ce5de46b7,2020-08-15T07:15:16Z
e32f9aa8-39e1-4eff-9384-36da0ffd5fc6,2023-06-30T19:40:05Z
ed913de8-93ed-4137-811a-3152f70febe6,2023-03-20T14:38:04Z
71b17e2a-8321-4be4-9a2f-acad2bb19f69,2020-11-27T19:47:00Z
8b5d1ea1-ada9-49f5-9d7f-774ec656ffd0,2022-01-08T23:59:04Z
8ea4380c-cfeb-4f4a-8b2f-b6b114f126fd,2024-11-28T17:32:45Z
fc085fdf-3da7-404b-a44c-7f3b99a44c18,2024-05-07T09:41:41Z
93474d44-77ed-4ff4-a431-d31d05496c60,2020-04-01T13:38:26Z
78ad28da-ee2a-44fe-90bf-cc5e87757a6e,2022-03-17T20:55:36Z
58f3a1e1-1c28-4864-93d7-51f0f054d7cc,2024-09-08T08:12:10Z
aec773cb-fd44-4808-a15f-ca333470bb64,2020-02-24T21:58:39Z
6ff095c5-5085-4130-8f5d-75c61f99f48d,2021-07-11T00:55:37Z
dd32d730-908a-41ff-9e7b-b16a74727e21,2020-10-30T21:09:19Z
a902443e-b2e9-44b9-83e4-978ddfd798ad,2021-12-07T20:03:27Z
0f4e7810-90ac-4f55-a5b6-12a481563264,2020-06-21T17:48:18Z
e782ff7f-0a1f-4bac-a915-92a574a2b9ff,2024-10-01T20:04:14Z
a10d515d-7ed7-4627-8826-2964ca51ef80,2023-01-04T23:06:15Z
52b7aaf3-1a53-490d-bde2-79d9d38e824b,2021-09-22T07:23:50Z
42d1941b-94fc-48ba-be6f-384b40a71621,2022-07-09T22:53:03Z
63649ce2-709d-4a18-baf2-41d5ad1c7566,2022-07-01T01:34:02Z
36430277-a32f-41d0-9241-01a395ac8b26,2021-01-17T12:53:33Z
67443f52-3844-4796-b3fa-c6c025f80320,2020-07-31T05:52:58Z
35d98899-91fc-42ca-a70c-e5ecf00c91d2,2021-02-07T01:52:41Z
c58de45a-19d0-430d-b8c1-12bfcf2df068,2023-02-13T07:01:28Z
e14975c1-9890-445c-a1c8-4dbea5fde806,2023-10-16T18:31:07Z
c4d93489-f37c-456e-9526-e11ca8e481a6,2023-02-01T13:18:41Z
46d99547-6eb4-4558-8451-636853fbfb37,2024-12-25T21:23:16Z
eb3e7621-c0bf-4b70-92ff-9df01e1c5baf,2022-05-30T12:03:25Z
0c12b23f-e41b-49c5-a389-f7c7690fb5b7,2023-05-19T20:35:26Z
d9c15389-440e-452c-8291-08d64b1f7411,2023-12-07T22:12:10Z
0261939c-4dbf-4372-ac4d-16128657ed1f,2022-02-24T21:10:44Z
dca3b079-865f-44c0-8b36-c51a26bffe67,2022-11-01T06:37:55Z
d5da943a-5de8-491e-a000-94fe08705ee3,2021-11-27T16:58:25Z
48cf3ae8-ddcb-4057-8425-82fa91570ea9,2022-11-19T16:07:20Z
ff5c8c53-c1da-4b13-8e3e-ec5c40e132bd,2022-09-01T09:44:33Z
5f027147-9959-4e1d-9faa-bc4124cc83bd,2020-05-31T13:36:59Z
bab028f1-d6a5-4727-b907-0f440465ef27,2023-05-28T07:20:08Z
aee6a614-d61a-46d5-b8bc-3bbc6ddef4a0,2023-05-12T07:20:58Z
610a074b-74bc-45d3-816f-74127ce0a8b2,2024-04-13T15:26:26Z
236079f1-993d-4650-af34-7af3e60894d9,2023-08-26T05:14:25Z
492af29a-2b9f-4555-8173-7eb76fa5584f,2020-03-14T15:49:51Z
00c0684a-3002-469e-83d5-36ab7ade1b4c,2022-08-31T16:25:11Z
ab1a8242-60f5-428f-b5cb-5b08dbbac612,2021-03-08T16:56:31Z
ada43f6c-cad3-44cc-b361-2ce442abb4f2,2022-11-08T12:59:22Z
90da6b2d-449c-4068-84c9-63c536850bbb,2024-02-14T20:16:50Z
4dd645df-bb35-4537-946c-14e3a7e7f39a,2021-09-09T03:34:28Z
9fa07700-65a5-49f9-90b9-3369637f2d1a,2023-03-18T12:07:27Z
fb4c0888-f398-40f6-a5c9-fdab843e4a98,2023-10-01T03:40:21Z
1f0e2758-9957-4ce2-89ea-65f8b027c7d4,2024-10-16T23:00:37Z
792927de-39f0-4c9f-bbdd-d741e52f8d19,2022-11-22T02:13:07Z
d909e114-28f0-4f78-ab73-083f1fc7ded6,2024-06-26T13:53:06Z
bddd2f8d-39c1-4aa4-a3c1-e0781505db41,2022-12-10T00:50:41Z
2d073372-5cca-47af-b505-3b713111856c,2020-06-14T22:59:14Z
7ad78f01-8034-4fec-9ee5-8cf3453fd9a4,2024-06-04T03:50:24Z
64310a1b-92bc-4a33-8ee6-83aa86d83c1c,2020-02-03T16:08:49Z
c69272e0-8664-44a5-812b-149e4e5b67e5,2022-06-20T18:47:08Z
6713219c-c9df-44cf-a6fc-a95b036f9c6e,2023-05-20T04:46:28Z
a9384f7e-0301-4b2f-8e45-ab901ba97e5c,2020-02-02T05:39:36Z
608c5ac0-cf89-4350-b086-18ec8b6ce6d1,2020-01-15T01:24:37Z
3ae9dd55-0af0-4734-b433-ce1a530e8c5e,2021-05-27T01:00:00Z
8ceebad6-bb92-496b-838d-df42ba12cc5f,2020-04-04T08:00:26Z
41236b7d-ba1c-4071-8d62-9b2cc75e0bb5,2021-02-28T16:53:13Z
13747d20-4323-4308-9505-3a03dfa29f1c,2024-12-18T03:59:59Z
eca49aa1-a5f1-42de-bb5d-5583c1f35a38,2021-08-14T16:40:10Z
7753aaee-d6c9-4975-af5c-67eb4c48aec4,2024-07-31T18:22:03Z
6eaedac4-450b-4ea8-a7f6-432018e78e29,2022-01-03T03:17:32Z
f511a808-368e-48bb-bbfc-72a97ad09e7d,2022-04-30T10:05:11Z
28b3a31d-28e2-4971-938e-2a754efa2ce8,2024-10-08T15:42:35Z
46d89e62-6000-46f3-9715-cff2a5f7a65b,2021-11-26T08:09:14Z
94957767-4a35-4324-ad97-b6787907a4a1,2021-02-21T03:57:56Z
ecfa08ca-7f1d-4f3e-a82e-b529ca28d6bf,2020-08-29T15:47:31Z
0fcbacc2-d95c-4849-b2d4-865994f383fc,2020-07-14T13:04:53Z
7f679d24-4197-4b38-8d3e-f7ba47af5f7a,2022-02-20T14:26:59Z
73c059f6-2411-41ff-8b4a-7530db190e55,2020-06-07T02:16:34Z
777093bc-100a-45f5-be70-402c72ef7895,2020-08-29T07:55:34Z
a3a66f5c-06ea-4ad3-8dd6-590c2e18b592,2021-06-17T14:52:06Z
7fc0b74a-28e5-4b1d-b5c1-f9674ca5bee1,2023-02-06T07:15:56Z
1683b268-c949-49c2-b70d-b098c172b737,2021-12-16T17:01:26Z
dce0f062-b6d1-4383-8da4-cdc85bc9875c,2023-03-09T00:10:59Z
b2f8d749-0f95-431d-b138-5ba595fd2523,2021-01-03T05:31:00Z
7e266922-20ce-4cc7-a35f-e94fd2f74e5c,2024-10-19T08:54:46Z
78a5ec0a-f8cd-4656-9f39-b1669e08700c,2022-03-20T19:01:54Z
c3ac41bf-46c8-437c-a19c-f6a1477f363c,2020-07-29T03:33:35Z
356d10f2-ba43-4fd7-97c1-53bc4bf03b5f,2023-05-19T09:06:21Z
3cc44946-e180-459b-89a5-36fa48fb522e,2022-12-10T02:55:13Z
9dbdd3e7-9032-478d-9bb1-43b8beaeae63,2022-03-30T20:37:25Z
044789ab-c9e2-4df2-9beb-520bd04b80ed,2024-02-13T01:13:42Z
1b0792da-26b6-4a80-aa6f-16dd8e1bdcc1,2020-01-30T20:40:42Z
09bdec04-82ce-42be-942e-97676e46f24b,2020-12-25T20:28:22Z
2ed787f3-f951-4ce3-a588-793889571f77,2020-04-28T17:56:13Z
dec29267-ca63-42c0-8e50-b936b71f4a4d,2023-06-29T20:44:47Z
77abbf1c-9420-4e65-ac82-651c9477f547,2022-02-11T08:01:09Z
4177f322-57b4-4c15-83bb-8916cd8513bd,2020-05-20T15:10:36Z
b8a4ecba-c00c-4d5f-9c3c-afb0a28b30e5,2022-10-17T08:36:12Z
9b9bab5e-bbb4-4948-9797-f075f2644330,2023-09-19T12:24:27Z
686bffc2-2839-44a2-a684-55d40065c84d,2024-06-03T15:55:38Z
c5c2b912-1268-4e7d-91bb-b68dd833904b,2020-03-09T19:53:12Z
75063092-a0cc-468c-835f-50158090882a,2023-11-27T18:25:00Z
74dc7fcf-bfca-42fd-84c8-e165880cfd98,2022-11-08T05:00:41Z
a7ef85a9-ba26-4a06-830c-54ce2cabd7b9,2022-04-24T00:43:46Z
d7aca80f-33c9-4cff-9afd-11d099ceac69,2021-04-27T20:56:12Z
4093d1a3-e2c0-4030-b012-0e98865615f9,2023-04-14T02:30:05Z
2656adcf-9dd1-4a53-801c-a6e1a233e9c4,2020-12-10T23:19:17Z
f1844bcd-acef-42b2-9945-3ad304404d3b,2022-11-08T03:02:53Z
c8a99e96-080a-4ce0-a535-6500b64e51c7,2023-05-10T21:24:54Z
ae642874-196c-4bd7-acad-577d871f7e28,2020-10-24T03:51:41Z
cb58269b-7a2a-4993-8085-55c5e13c6da9,2024-07-31T04:34:18Z
c01d5395-827c-4af9-868d-be50feadf23c,2024-07-16T20:12:56Z
08c0aedc-557f-4fe4-8e68-9fac9299603d,2021-06-22T04:22:08Z
5522d57e-2d9f-4756-8658-88f6f01e6fcb,2024-06-06T12:32:06Z
4aa532ed-543a-49c0-8d06-157c512a3bae,2024-04-11T06:55:39Z
2f5b8b0b-b41a-4230-aa1d-89ce1a813021,2022-12-05T06:09:25Z
73071090-e878-4fd4-8ba2-50639bef8596,2023-11-27T02:35:36Z
17e3b1e1-a4b2-4bfa-add3-30181790c8f4,2022-06-29T13:29:55Z
726a8753-7679-476d-a5ea-1e5ae77a7e56,2023-12-31T22:43:20Z
c90dfafc-b486-4eca-b00f-bf61d558133c,2023-01-07T16:23:40Z
a91f6fcf-76ff-4685-8ca1-b27c8258ac99,2022-04-23T08:29:25Z
504aae27-6aa6-4e96-8676-1113cff38c5d,2021-09-24T10:22:43Z
8c08bbbf-b4f0-47b1-97d7-538366bdf7e0,2021-02-17T07:10:09Z
acebb37e-2116-4564-be2b-1e7143a10657,2023-03-17T19:10:14Z
4bcbc41b-3fec-408c-95fa-22a631460957,2024-05-09T23:57:29Z
743d5b12-defe-4c6c-b724-907211a278fb,2023-03-01T16:27:58Z
2962e013-3708-48ac-a07b-d780e3ba9518,2022-01-19T23:21:44Z
c256bc84-d597-4557-b84c-3b6c40ead501,2022-02-17T19:30:54Z
88c7db82-1232-4b9a-b469-299622d92b80,2024-08-02T19:59:09Z
f580b2c0-93b1-4694-a73c-7862c4763d9f,2022-12-25T11:10:26Z
ff8671cb-48a9-464e-80ee-16a5d74ab662,2023-08-24T02:24:37Z
56aa8dff-6ad6-4d97-bb9c-500a88b25d31,2020-05-27T22:47:59Z
48c910ea-faf1-4f29-aac3-7657b0563746,2024-03-03T08:15:22Z
05d5b46c-9e2b-4f64-af76-399a1fb3d2d1,2023-05-14T19:13:29Z
0e672f6b-21cd-4e59-a8f7-dc015108746a,2020-05-25T08:27:59Z
bea63c0f-5078-4bca-912a-6f242146f2a2,2023-01-11T21:25:57Z
f934c762-0159-49e4-af26-4d8a38fb24eb,2023-05-07T18:47:45Z
4a0793f1-df67-41bf-86c1-20a960593b70,2021-11-06T00:58:28Z
9c14fa32-ee3f-4316-b7af-b6602e99cbd1,2023-09-11T08:36:23Z
329e65aa-a35f-41d9-9a0c-0ab1d9f6b986,2024-08-11T13:49:10Z
7e820a57-d9bd-4cae-9b4d-5ef056c08fb1,2023-05-26T16:28:44Z
ebe6d8e4-b421-4f49-ae4e-09c5ed6741e7,2023-05-20T01:08:33Z
c1739bff-a155-48fa-9eb2-3dfa21d99f6c,2021-12-10T12:51:14Z
a57b5a90-cc89-4a5d-8112-333270fc2aa4,2022-11-04T01:09:55Z
debac502-4fad-45d9-aa51-5656bdda9545,2022-09-28T00:24:01Z
0973cef9-5bb3-4a94-9479-a299c672e85e,2023-05-30T07:32:57Z
446bf7a2-376b-472f-9fcd-b85f705390d6,2024-05-16T14:18:29Z
efacaddb-79fd-4fc6-9d2a-07e82d5a9cc6,2024-08-02T23:25:29Z
c8ab7c24-be57-441f-baf0-2fe90dfda289,2021-01-16T15:25:18Z
ffbc251b-a444-4660-8c29-432ba6830372,2021-12-29T02:44:18Z
d7c8d358-de9c-45ad-a60f-f05f57955778,2020-06-07T12:39:08Z
cab3424d-581f-4575-b4c2-4d16354ac81e,2024-07-15T08:08:27Z
6656088b-9ec8-45c9-ae62-315f90991298,2020-12-10T07:24:45Z
86e15c94-1946-4fee-8456-047a22774ff5,2020-11-01T12:26:43Z
b047f8fd-08dd-435e-b157-a81e87dcf939,2021-07-01T02:36:52Z
41ea7ea5-b40f-40b2-9b53-5af795b43f0f,2022-09-28T07:24:52Z
5d414751-e1a1-4ed1-a89d-637a8a672bae,2020-03-16T08:56:46Z
078b808d-6e78-4407-b817-c3dea704ca78,2024-06-24T02:25:24Z
fdeeb1b1-9d65-48c7-8416-818cfd4fc40a,2021-06-18T22:06:31Z
7968a903-9790-4a42-9c4c-01e269caa977,2024-08-22T21:44:32Z
9775df75-7581-4d9d-b1b2-80935f2bf860,2024-06-22T14:10:45Z
e5b4263b-0d43-48fa-a89d-2ad7e90bf164,2021-10-24T19:27:28Z
71458d37-78af-4984-8e44-c35672637043,2022-05-16T16:11:50Z
074cb2f3-be57-460c-979e-b7329d929c0f,2022-06-07T18:32:18Z
8bc8abc9-2ade-4356-a71a-7ea420d72464,2021-06-09T21:37:13Z
9f451956-1b60-48e9-a065-da5a93131c2d,2021-07-18T10:39:44Z
d792b755-be0a-4e30-b6ab-038f117f27fc,2020-11-18T04:28:06Z
497951b4-0fa2-4ffc-a259-19ff15807815,2023-03-08T09:14:50Z
3c7e6c76-2544-4004-8f51-9838696a1cd1,2020-01-05T16:53:35Z
b6fe75d3-e44b-4bf2-ba0c-9391fce5046e,2021-05-16T13:09:24Z
3e249fd4-acda-4f09-b887-50befb33e135,2023-10-07T07:52:58Z
b1bfea75-a78e-487b-af38-7f9da4d0e3e3,2024-10-14T23:49:00Z
0ad1991c-383c-426a-9dd4-eee01f76e626,2020-05-27T07:50:07Z
14f7f489-879f-40eb-a4e2-d1594a23bbbc,2023-06-09T03:59:41Z
f49d35fa-267e-47c2-8ad1-8a36f5b3161f,2021-11-16T06:14:26Z
ec94e293-5948-47cd-a5a9-a15689774e29,2020-10-17T01:04:54Z
bc34f899-3a85-443d-8541-041f8bc08d27,2023-12-20T15:25:04Z
2d7117d8-d31d-4f12-af01-bb2edd3e1c34,2023-09-19T15:58:23Z
b9e0c34d-62be-46d6-a983-fbcdb8def276,2021-02-03T04:05:37Z
ade5876b-7dfe-488b-b8fa-f1ae1e0d32cb,2021-08-08T20:44:37Z
59b0eb69-9d42-40cc-9ecf-fffdf6ac83ba,2023-12-21T00:41:01Z
6d7e384d-aa58-480c-8d53-0cc3c253b6d2,2023-02-23T11:13:06Z
ba808b77-4894-4869-8ca7-280700a00965,2022-08-09T12:19:07Z
1b9d9d5f-1a0e-4935-8780-08aa0f91fba6,2024-06-26T15:54:52Z
cc4a26fc-2ae5-4a07-8446-2089be2989be,2023-02-19T23:22:17Z
4b5eb0ef-7d43-4cd8-8a1b-e71fb0ba6768,2022-08-17T00:18:57Z
b94595ea-a7bc-4ba6-8034-0ade35c720d0,2022-11-16T18:36:42Z
65a88377-419c-4523-89b7-d939517c47db,2021-03-19T05:55:10Z
7fdd6725-7172-4b60-a162-4507469fbe27,2024-11-10T04:48:32Z
2dca2433-8a05-44db-8770-7f7bbe968301,2021-09-06T01:17:01Z
f6e12c89-a27d-4d13-a59c-76e427ee5919,2020-01-18T07:19:02Z
c4f018bc-fabb-4a12-8893-a7b15976e179,2021-09-18T06:50:03Z
6aa1631b-0b60-4411-9b5e-0d0ca12437c0,2022-06-11T21:06:04Z
1988148b-32fd-4a73-b0af-04d70535e2d9,2023-11-25T03:56:49Z
9a0900f5-6e26-45dc-9361-ef087727e592,2023-11-02T01:02:11Z
9d6f9227-42cd-41cd-b114-3786cf1bfe09,2023-08-22T06:32:43Z
30aceef4-4b47-4681-a57b-c6d20159e598,2023-10-17T04:55:43Z
b903ab42-fc9d-4161-a587-f12d56b221d4,2022-11-08T04:23:09Z
8c3240e0-3305-488e-993b-f41808ca368a,2020-06-28T02:18:21Z
fcbe3697-0eac-47fc-bf0c-ae49c4292fcf,2024-08-08T20:57:27Z
0d4d5b38-cb68-418c-af32-7f10442ff972,2024-05-02T14:04:17Z
3c40a5c7-b843-4ec0-8050-fed982af25b4,2023-09-17T20:26:55Z
7171328a-2390-4aaa-9eca-3c94b52c76d8,2024-03-13T08:37:02Z
a7cd43ce-ff05-46c8-b49f-c8a6ff92add8,2020-11-22T22:05:02Z
0964fcb9-9236-47d6-afc6-e61d993cd8d0,2021-10-12T21:49:57Z
8e4afa42-456d-442e-b660-4f51e0f41848,2020-05-02T22:05:30Z
62717933-ba36-4448-83f6-b761cd087df8,2024-11-26T03:32:07Z
8b951337-fe26-4b24-828e-dbec2f6d17b6,2022-11-12T16:37:53Z
dc46a68e-4513-48b5-8e9d-2d781100ce6f,2020-04-23T00:15:37Z
1c99a2e5-1c0f-4248-8e12-30fa7e2aec2d,2020-07-17T09:34:22Z
fae4a726-765f-49ee-b31b-2720648d8530,2020-05-21T11:49:54Z
1c610fa8-dd78-491c-be2b-68ec9b3e0a58,2023-05-02T07:37:06Z
a300d95b-897c-4813-a1b2-942b63f0f134,2022-04-11T02:12:43Z
1937e34b-a1ea-47cb-b751-a75a53dcb0bc,2022-07-25T06:59:31Z
18d6e67c-f12b-4571-87af-d0c87b6dff2d,2024-12-20T22:38:02Z
e4de2f84-d08e-4426-9615-cd3c9369a412,2020-04-30T20:35:27Z
b81e0f3e-a27f-4c22-ab37-db6d7917c9c2,2020-11-02T17:14:28Z
af02d81d-ebe7-4245-972e-1a21d323388e,2021-04-24T05:10:05Z
ef980d66-ff4b-4294-a06b-a434867b652a,2020-09-01T17:00:16Z
a578e9ad-fc54-4456-b81f-016f765ad8f4,2022-11-05T18:35:28Z
8fb7cb11-7db7-4cd0-ac78-3e1f2378906b,2021-12-11T19:49:57Z
ff1799eb-eb37-4ff2-8bc9-eed1ec4200d7,2021-08-13T07:13:11Z
8d28a719-3eda-4520-8f2e-411de29aa10d,2022-02-19T20:21:44Z
9fa0d887-2b15-4bb5-9256-a86f254f837d,2023-08-16T20:36:14Z
3a0ed449-adc6-4fd2-9535-871a5ccfe798,2020-12-09T08:53:55Z
e5d0c4dc-8f78-4785-8e08-059b17691c4b,2023-04-07T05:43:01Z
e3f44cb3-7ec4-4226-b653-c733f6d002b2,2024-05-08T08:25:26Z
7e67ed95-67f5-4d91-b00c-f9ce6123726a,2020-03-23T09:35:46Z
5fbae877-2d72-4f1f-94c0-0b4193af7075,2021-10-06T11:49:30Z
5686429d-06c8-4719-831d-748cbaa6425e,2021-01-25T14:03:37Z
c910012e-2628-4399-aca5-b9e1f813f260,2020-11-03T01:40:51Z
007080fe-165f-40e7-b84e-035a22e56d02,2023-02-07T23:11:00Z
f2b04e9e-6dc3-4259-9fc0-95faff5043a5,2021-05-24T05:10:13Z
ac3a29a3-22f4-4c08-be69-4089a0f4b513,2022-11-03T20:54:43Z
5616cce5-9ea0-4ab2-8bca-1cb0548b90f9,2023-03-03T07:54:20Z
68e0080e-98d1-4038-86c0-e7a6c10a0828,2021-10-21T21:46:48Z
b3a8175e-3e3f-46d1-8380-1182674e9e96,2020-12-14T17:01:51Z
efc081e4-5217-4539-8dd5-b077d1902aa2,2021-09-28T07:04:19Z
914e65d7-7d72-41f4-8e59-0fb979e0ae15,2024-08-14T16:31:27Z
1d7b6221-e565-4d22-aaef-937437146636,2022-03-15T20:32:34Z
8e5160a0-3be2-4a54-8cc3-58be37d05d02,2022-01-02T19:20:57Z
8d5d55f8-f13a-4620-87d2-a4c40c6defd9,2021-04-26T21:45:03Z
230f164c-22ee-4906-a8bb-2f0813f4ff1a,2024-10-13T23:59:16Z
accc8247-daf3-49e8-9d89-44a421dad0af,2023-07-16T09:06:58Z
a9608855-d666-47f1-8e3e-860ee08340ba,2023-10-11T05:54:03Z
d678b3af-1867-4d68-8c8b-2326ac146148,2023-06-29T20:05:41Z
f9bd889d-d173-4cdc-ad31-892212dd011a,2024-02-21T12:44:23Z
527f3217-d4c1-4b76-8d94-aad5fbdcc65f,2024-02-12T23:51:13Z
5e938c48-1273-4d67-9956-6d08b402fd14,2022-01-29T07:19:31Z
5003cbcf-760f-4ab4-9438-7762febf5968,2024-11-21T18:13:13Z
752ab9be-3d0a-4347-a65c-3d212d82c9c5,2024-03-27T22:34:02Z
597b4c16-6708-4781-9e17-4bc20eb158ea,2020-01-24T11:16:48Z
b25e30c3-2339-4132-a6bf-07536ffcb04b,2023-07-07T06:07:41Z
c63b7dc9-014d-40b5-88ee-d313ca9734e4,2020-07-31T00:45:02Z
ae615e08-c302-4443-b7b3-1bc087af874b,2021-03-20T13:34:38Z
